{"actions":[],"apps":[{"acl":{"app":[],"field":[],"record":[]},"app":null,"category":{"categories":[],"useCategory":"false"},"form":{"layout":"[{\"id\":null,\"type\":\"ROW\",\"isSubTable\":false,\"var\":null,\"label\":null,\"controlList\":[{\"isVirtical\":true,\"styleMap\":{\"width\":323},\"type\":\"SINGLE_LINE_TEXT\",\"var\":\"Company_Name_Search\",\"label\":\"Company Name [Search]\"},{\"isVirtical\":true,\"styleMap\":{\"width\":364},\"type\":\"SINGLE_LINE_TEXT\",\"var\":\"Contact_Name\",\"label\":\"Contact Name\"}]},{\"id\":null,\"type\":\"ROW\",\"isSubTable\":false,\"var\":null,\"label\":null,\"controlList\":[{\"isVirtical\":true,\"styleMap\":{\"width\":323},\"type\":\"SINGLE_LINE_TEXT\",\"var\":\"Deal_Name\",\"label\":\"Deal Name\"},{\"isVirtical\":true,\"styleMap\":{\"width\":344},\"type\":\"USER_SELECT\",\"var\":\"Rep\",\"label\":\"Rep\"}]},{\"id\":null,\"type\":\"ROW\",\"isSubTable\":false,\"var\":null,\"label\":null,\"controlList\":[{\"isVirtical\":true,\"styleMap\":{\"width\":196},\"type\":\"SINGLE_SELECT\",\"var\":\"Sales_Stage\",\"label\":\"Sales Stage\"},{\"isVirtical\":true,\"styleMap\":{\"width\":171},\"type\":\"DATE\",\"var\":\"Expected_Close_Date\",\"label\":\"Expected Close Date\"}]},{\"id\":null,\"type\":\"ROW\",\"isSubTable\":false,\"var\":null,\"label\":null,\"controlList\":[{\"isVirtical\":true,\"styleMap\":{\"width\":193},\"type\":\"DECIMAL\",\"var\":\"Deal_Size\",\"label\":\"Deal Size\"},{\"isVirtical\":true,\"styleMap\":{\"width\":193},\"type\":\"DECIMAL\",\"var\":\"Probability\",\"label\":\"Probability\"},{\"isVirtical\":true,\"styleMap\":{\"width\":193},\"type\":\"CALC\",\"var\":\"Forecast_Value\",\"label\":\"Forecast Value\"},{\"isVirtical\":true,\"styleMap\":{\"width\":193},\"type\":\"DECIMAL\",\"var\":\"Signed_Contract_Value\",\"label\":\"Signed Contract Value\"}]},{\"id\":null,\"type\":\"ROW\",\"isSubTable\":false,\"var\":null,\"label\":null,\"controlList\":[{\"isVirtical\":true,\"styleMap\":{\"width\":579,\"height\":162,\"innerHeight\":125},\"type\":\"MULTIPLE_LINE_TEXT\",\"var\":\"Note\",\"label\":\"Note\"},{\"isVirtical\":true,\"styleMap\":{\"width\":207},\"type\":\"FILE\",\"var\":\"Attachment\",\"label\":\"Attachment\"}]}]","revision":null},"iconMeta":null,"info":{"automaticallyChooseTitleComponent":"true","code":null,"decimalPrecision":"16","decimalScale":"4","description":"\u003Cdiv\u003E\u003Cbr /\u003E\u003C/div\u003E","enableBulkDeletion":"false","enableRecordReuse":"true","fiscalYearStartMonth":"4","iconKey":"APP55","iconType":"PRESET","jsFiles":null,"jsScope":"ALL","name":"Sales Deals","roundingMode":"HALF_EVEN","theme":"PLAIN","titleComponentLocalId":null,"useComment":"true","useHistory":"true","useThumbnail":"true"},"jsFiles":[],"notification":{"appNotifications":[{"events":["RECORD_COMMENT_ADDED"],"target":{"entityId":"5947949","entityType":"FIELD_ENTITY","includeSubs":"false"}},{"events":["RECORD_COMMENT_ADDED"],"target":{"entityId":"5947950","entityType":"FIELD_ENTITY","includeSubs":"false"}}],"recordNotifications":[],"reminderTimezone":null,"reminders":[],"useComment":"true","useReminder":"false"},"plugin":{"pluginIds":[]},"reports":[],"resource":{"tables":[{"rows":[{"fields":[],"objectId":"0","subObjectId":"-1"}],"type":"AppName"},{"rows":[{"fields":[],"objectId":"0","subObjectId":"-1"}],"type":"AppDescription"},{"rows":[{"fields":[],"objectId":"5947948","subObjectId":"-1"},{"fields":[],"objectId":"5947949","subObjectId":"-1"},{"fields":[],"objectId":"5947950","subObjectId":"-1"},{"fields":[],"objectId":"5947951","subObjectId":"-1"},{"fields":[],"objectId":"5947952","subObjectId":"-1"},{"fields":[],"objectId":"5947953","subObjectId":"-1"},{"fields":[],"objectId":"5947954","subObjectId":"-1"},{"fields":[],"objectId":"5947955","subObjectId":"-1"},{"fields":[],"objectId":"5947958","subObjectId":"-1"},{"fields":[],"objectId":"5947959","subObjectId":"-1"},{"fields":[],"objectId":"5947960","subObjectId":"-1"},{"fields":[],"objectId":"5947961","subObjectId":"-1"},{"fields":[],"objectId":"5947962","subObjectId":"-1"},{"fields":[],"objectId":"5947962","subObjectId":"5947956"},{"fields":[],"objectId":"5947962","subObjectId":"5947957"},{"fields":[],"objectId":"5947962","subObjectId":"5948173"},{"fields":[],"objectId":"5947962","subObjectId":"5948174"},{"fields":[],"objectId":"5947962","subObjectId":"5948175"},{"fields":[],"objectId":"5947962","subObjectId":"5948176"},{"fields":[],"objectId":"5947963","subObjectId":"-1"},{"fields":[],"objectId":"5947964","subObjectId":"-1"},{"fields":[],"objectId":"5947965","subObjectId":"-1"},{"fields":[],"objectId":"5947966","subObjectId":"-1"},{"fields":[],"objectId":"5947967","subObjectId":"-1"},{"fields":[],"objectId":"5947968","subObjectId":"-1"},{"fields":[],"objectId":"5947969","subObjectId":"-1"}],"type":"FieldLabel"},{"rows":[{"fields":[],"objectId":"20","subObjectId":"-1"}],"type":"ViewName"}]},"schema":{"groups":[],"revision":null,"subTable":{},"table":{"fieldList":{"5947948":{"id":"5947948","label":"Record number","properties":{"noLabel":"false","required":"true"},"type":"RECORD_ID","var":"Record_number"},"5947949":{"id":"5947949","label":"Updated by","properties":{"noLabel":"false","required":"true"},"type":"MODIFIER","var":"Updated_by"},"5947950":{"id":"5947950","label":"Created by","properties":{"noLabel":"false","required":"true"},"type":"CREATOR","var":"Created_by"},"5947951":{"id":"5947951","label":"Updated datetime","properties":{"noLabel":"false","required":"true"},"type":"MODIFIED_AT","var":"Updated_datetime"},"5947952":{"id":"5947952","label":"Created datetime","properties":{"noLabel":"false","required":"true"},"type":"CREATED_AT","var":"Created_datetime"},"5947953":{"id":"5947953","label":"Status","properties":{"noLabel":"false","required":"false"},"type":"STATUS","var":"Status"},"5947954":{"id":"5947954","label":"Assignee","properties":{"noLabel":"false","required":"false"},"type":"STATUS_ASSIGNEE","var":"Assignee"},"5947955":{"id":"5947955","label":"Categories","properties":{"noLabel":"false","required":"false"},"type":"CATEGORY","var":"Categories"},"5947958":{"id":"5947958","label":"Company Name [Search]","properties":{"defaultValue":"","expression":"","hideExpression":"false","max":null,"min":null,"noLabel":"false","required":"false","unique":"false"},"type":"SINGLE_LINE_TEXT","var":"Company_Name_Search"},"5947959":{"id":"5947959","label":"Contact Name","properties":{"defaultValue":"","expression":"","hideExpression":"false","max":null,"min":null,"noLabel":"false","required":"false","unique":"false"},"type":"SINGLE_LINE_TEXT","var":"Contact_Name"},"5947960":{"id":"5947960","label":"Deal Name","properties":{"defaultValue":"","expression":"","hideExpression":"false","max":null,"min":null,"noLabel":"false","required":"false","unique":"false"},"type":"SINGLE_LINE_TEXT","var":"Deal_Name"},"5947961":{"id":"5947961","label":"Rep","properties":{"defaultEntities":[{"birthDate":null,"callto":"","code":"tomoko","ctime":"2015-04-13T07:46:00Z","dateTimeLocale":null,"description":"","email":"tomoko-miyake@cybozu.co.jp","employeeNumber":"1","employeeType":null,"entityType":"USER","extendedData":null,"extensionNumber":"","formattedDescription":"","givenName":"","givenNameReading":"","id":"1","initials":null,"isBuiltIn":false,"joinDate":null,"langLocale":null,"localName":"Tomoko Miyake","localNameLocale":"en","locale":"en","middleName":null,"mobilePhone":"","mtime":"2019-12-24T09:20:05Z","name":"ミケ","numberLocale":null,"office":null,"phone":"","photo":{"small":"https://tomokomiyake.cybozu.com/api/user/photo.do/-/user.png?id=1&size=SMALL&hash=03c5fa20d6789c2c6e521f5cdb5740920b055524&.png","size_56":"https://tomokomiyake.cybozu.com/api/user/photo.do/-/user.png?id=1&size=SIZE_56&hash=03c5fa20d6789c2c6e521f5cdb5740920b055524&.png","normal":"https://tomokomiyake.cybozu.com/api/user/photo.do/-/user.png?id=1&size=NORMAL&hash=03c5fa20d6789c2c6e521f5cdb5740920b055524&.png","size_32":"https://tomokomiyake.cybozu.com/api/user/photo.do/-/user.png?id=1&size=SIZE_32&hash=03c5fa20d6789c2c6e521f5cdb5740920b055524&.png","original":"https://tomokomiyake.cybozu.com/api/user/photo.do/-/user.png?id=1&size=ORIGINAL&hash=03c5fa20d6789c2c6e521f5cdb5740920b055524&.png","original_r":"https://tomokomiyake.cybozu.com/api/user/photo.do/-/user.png?id=1&size=ORIGINAL_R&hash=03c5fa20d6789c2c6e521f5cdb5740920b055524&.png","size_40":"https://tomokomiyake.cybozu.com/api/user/photo.do/-/user.png?id=1&size=SIZE_40&hash=03c5fa20d6789c2c6e521f5cdb5740920b055524&.png","size_48_r":"https://tomokomiyake.cybozu.com/api/user/photo.do/-/user.png?id=1&size=SIZE_48_R&hash=03c5fa20d6789c2c6e521f5cdb5740920b055524&.png","size_48":"https://tomokomiyake.cybozu.com/api/user/photo.do/-/user.png?id=1&size=SIZE_48&hash=03c5fa20d6789c2c6e521f5cdb5740920b055524&.png","size_96_r":"https://tomokomiyake.cybozu.com/api/user/photo.do/-/user.png?id=1&size=SIZE_96_R&hash=03c5fa20d6789c2c6e521f5cdb5740920b055524&.png","size_24":"https://tomokomiyake.cybozu.com/api/user/photo.do/-/user.png?id=1&size=SIZE_24&hash=03c5fa20d6789c2c6e521f5cdb5740920b055524&.png"},"photoMd5":null,"photoMime":null,"primaryOrganization":null,"removed":false,"serviceFlags":null,"sortOrder":null,"surName":"","surNameReading":"","timezone":"Asia/Tokyo","url":"","valid":true}],"defaultSelect":[{"entityType":"LOGINUSER","id":"1","name":null}],"entities":[],"noLabel":"false","required":"false","select":[]},"type":"USER_SELECT","var":"Rep"},"5947962":{"id":"5947962","label":"Sales Stage","properties":{"defaultValue":null,"noLabel":"false","options":[{"id":"5947956","label":"Qualification","valid":true},{"id":"5947957","label":"Evaluation","valid":true},{"id":"5948173","label":"Negotiation","valid":true},{"id":"5948174","label":"Closed-Won","valid":true},{"id":"5948175","label":"Closed-Lost","valid":true},{"id":"5948176","label":"Contract","valid":true}],"required":"false"},"type":"SINGLE_SELECT","var":"Sales_Stage"},"5947963":{"id":"5947963","label":"Expected Close Date","properties":{"defaultExpression":null,"defaultValue":null,"noLabel":"false","required":"false","unique":"false"},"type":"DATE","var":"Expected_Close_Date"},"5947964":{"id":"5947964","label":"Deal Size","properties":{"defaultValue":null,"digit":"true","displayScale":null,"max":null,"min":null,"noLabel":"false","required":"false","roundingMode":null,"scale":null,"unique":"false","unit":"$","unitPosition":"BEFORE"},"type":"DECIMAL","var":"Deal_Size"},"5947965":{"id":"5947965","label":"Probability","properties":{"defaultValue":null,"digit":"false","displayScale":null,"max":"100","min":"0","noLabel":"false","required":"false","roundingMode":null,"scale":null,"unique":"false","unit":"%","unitPosition":"AFTER"},"type":"DECIMAL","var":"Probability"},"5947966":{"id":"5947966","label":"Forecast Value","properties":{"displayScale":null,"expression":"ROUND(Deal_Size * Probability / 100, 2)","format":"NUMBER_DIGIT","hideExpression":"false","noLabel":"false","required":"false","roundingMode":null,"scale":null,"unit":"$","unitPosition":"BEFORE"},"type":"CALC","var":"Forecast_Value"},"5947967":{"id":"5947967","label":"Signed Contract Value","properties":{"defaultValue":null,"digit":"true","displayScale":null,"max":null,"min":null,"noLabel":"false","required":"false","roundingMode":null,"scale":null,"unique":"false","unit":"$","unitPosition":"BEFORE"},"type":"DECIMAL","var":"Signed_Contract_Value"},"5947968":{"id":"5947968","label":"Note","properties":{"defaultValue":"","noLabel":"false","required":"false"},"type":"MULTIPLE_LINE_TEXT","var":"Note"},"5947969":{"id":"5947969","label":"Attachment","properties":{"noLabel":"false","required":"false","thumbnailSize":"150"},"type":"FILE","var":"Attachment"}},"id":"1","label":"__ROOT__","properties":{"noLabel":"true"},"type":"TABLE","var":"__ROOT__"}},"status":{"actions":[],"filters":[],"initialStateId":null,"states":[],"useStatus":"false"},"uuid":"cd6004f1-00a5-4d13-a78c-0fc7ac305e7f","views":[{"advancedMode":null,"builtinType":"ALL","device":null,"fields":[{"row":[{"columnWidth":null,"id":"5947948"},{"columnWidth":null,"id":"5947958"},{"columnWidth":null,"id":"5947959"},{"columnWidth":null,"id":"5947960"},{"columnWidth":null,"id":"5947961"},{"columnWidth":null,"id":"5947962"},{"columnWidth":null,"id":"5947963"},{"columnWidth":null,"id":"5947964"},{"columnWidth":null,"id":"5947965"},{"columnWidth":null,"id":"5947966"},{"columnWidth":null,"id":"5947967"},{"columnWidth":null,"id":"5947968"},{"columnWidth":null,"id":"5947969"}]}],"filter":{"category":null,"offset":null,"order":[],"q":null,"size":null,"sort":[]},"html":null,"keyFieldId":null,"name":"(All records)","pager":null,"revision":null,"titleFieldId":null,"view":"20","viewType":"LIST"}]},{"acl":{"app":[],"field":[],"record":[]},"app":null,"category":{"categories":[],"useCategory":"false"},"form":{"layout":"[{\"id\":null,\"type\":\"ROW\",\"isSubTable\":false,\"var\":null,\"label\":null,\"controlList\":[{\"label\":\"\\u003Cdiv\\u003E\\u003Cb\\u003E\\u003Cfont size=\\\"4\\\"\\u003E| Company Information\\u003C/font\\u003E\\u003C/b\\u003E\\u003C/div\\u003E\",\"styleMap\":{\"width\":208},\"formatted\":\"\\u003Cdiv\\u003E\\u003Cb\\u003E\\u003Cfont size=\\\"4\\\"\\u003E| Company Information\\u003C/font\\u003E\\u003C/b\\u003E\\u003C/div\\u003E\",\"type\":\"LABEL\"},{\"styleMap\":{\"width\":513},\"type\":\"HR\"}]},{\"id\":null,\"type\":\"ROW\",\"isSubTable\":false,\"var\":null,\"label\":null,\"controlList\":[{\"isVirtical\":true,\"type\":\"SINGLE_LINE_TEXT\",\"styleMap\":{\"width\":400},\"label\":\"Company Name\",\"var\":\"Company_Name\"}]},{\"id\":null,\"type\":\"ROW\",\"isSubTable\":false,\"var\":null,\"label\":null,\"controlList\":[{\"isVirtical\":true,\"type\":\"SINGLE_SELECT\",\"styleMap\":{\"width\":196},\"label\":\"Company Type\",\"var\":\"Company_Type\"},{\"isVirtical\":true,\"type\":\"SINGLE_SELECT\",\"styleMap\":{\"width\":204},\"label\":\"Industry\",\"var\":\"Industry\"},{\"isVirtical\":true,\"type\":\"SINGLE_SELECT\",\"styleMap\":{\"width\":196},\"label\":\"Company Size\",\"var\":\"Company_Size\"}]},{\"id\":null,\"type\":\"ROW\",\"isSubTable\":false,\"var\":null,\"label\":null,\"controlList\":[{\"isVirtical\":true,\"type\":\"SINGLE_LINE_TEXT\",\"styleMap\":{\"width\":400},\"label\":\"Street Address\",\"var\":\"Street_Address\"}]},{\"id\":null,\"type\":\"ROW\",\"isSubTable\":false,\"var\":null,\"label\":null,\"controlList\":[{\"isVirtical\":true,\"type\":\"SINGLE_LINE_TEXT\",\"styleMap\":{\"width\":193},\"label\":\"City Address\",\"var\":\"City_Address\"},{\"isVirtical\":true,\"type\":\"SINGLE_LINE_TEXT\",\"styleMap\":{\"width\":207},\"label\":\"State or Country\",\"var\":\"State_or_Country\"},{\"isVirtical\":true,\"type\":\"SINGLE_LINE_TEXT\",\"styleMap\":{\"width\":193},\"label\":\"Zip Code\",\"var\":\"Zip_Code\"}]},{\"id\":null,\"type\":\"ROW\",\"isSubTable\":false,\"var\":null,\"label\":null,\"controlList\":[{\"isVirtical\":true,\"type\":\"LINK\",\"styleMap\":{\"width\":400},\"label\":\"Company LinkedIn\",\"var\":\"Company_LinkedIn\"}]},{\"id\":null,\"type\":\"ROW\",\"isSubTable\":false,\"var\":null,\"label\":null,\"controlList\":[{\"isVirtical\":true,\"type\":\"LINK\",\"styleMap\":{\"width\":400},\"label\":\"Company Website\",\"var\":\"Company_Website\"}]},{\"id\":null,\"type\":\"ROW\",\"isSubTable\":false,\"var\":null,\"label\":null,\"controlList\":[{\"label\":\"\\u003Cdiv\\u003E\\u003Cb\\u003E\\u003Cfont size=\\\"4\\\"\\u003E| Contact Information\\u003C/font\\u003E\\u003C/b\\u003E\\u003C/div\\u003E\",\"styleMap\":{\"width\":208},\"formatted\":\"\\u003Cdiv\\u003E\\u003Cb\\u003E\\u003Cfont size=\\\"4\\\"\\u003E| Contact Information\\u003C/font\\u003E\\u003C/b\\u003E\\u003C/div\\u003E\",\"type\":\"LABEL\"},{\"styleMap\":{\"width\":513},\"type\":\"HR\"}]},{\"id\":null,\"type\":\"ROW\",\"isSubTable\":false,\"var\":null,\"label\":null,\"controlList\":[{\"isVirtical\":true,\"type\":\"SINGLE_LINE_TEXT\",\"styleMap\":{\"width\":400},\"label\":\"Contact Name\",\"var\":\"Contact_Name\"}]},{\"id\":null,\"type\":\"ROW\",\"isSubTable\":false,\"var\":null,\"label\":null,\"controlList\":[{\"isVirtical\":true,\"type\":\"SINGLE_LINE_TEXT\",\"styleMap\":{\"width\":193},\"label\":\"Department\",\"var\":\"Department\"},{\"isVirtical\":true,\"type\":\"SINGLE_SELECT\",\"styleMap\":{\"width\":207},\"label\":\"Job Title\",\"var\":\"Job_Title\"}]},{\"id\":null,\"type\":\"ROW\",\"isSubTable\":false,\"var\":null,\"label\":null,\"controlList\":[{\"isVirtical\":true,\"type\":\"LINK\",\"styleMap\":{\"width\":232},\"label\":\"Telephone Number\",\"var\":\"Telephone_Number\"}]},{\"id\":null,\"type\":\"ROW\",\"isSubTable\":false,\"var\":null,\"label\":null,\"controlList\":[{\"isVirtical\":true,\"type\":\"LINK\",\"styleMap\":{\"width\":400},\"label\":\"E mail\",\"var\":\"E_mail\"}]},{\"id\":null,\"type\":\"ROW\",\"isSubTable\":false,\"var\":null,\"label\":null,\"controlList\":[{\"isVirtical\":true,\"type\":\"LINK\",\"styleMap\":{\"width\":400},\"label\":\"LinkedIn\",\"var\":\"LinkedIn\"}]}]","revision":null},"iconMeta":null,"info":{"automaticallyChooseTitleComponent":"true","code":null,"decimalPrecision":"16","decimalScale":"4","description":"\u003Cdiv\u003E\u003Cbr /\u003E\u003C/div\u003E","enableBulkDeletion":"false","enableRecordReuse":"true","fiscalYearStartMonth":"4","iconKey":"APP48","iconType":"PRESET","jsFiles":null,"jsScope":"ALL","name":"Company List","roundingMode":"HALF_EVEN","theme":"PLAIN","titleComponentLocalId":null,"useComment":"true","useHistory":"true","useThumbnail":"true"},"jsFiles":[],"notification":{"appNotifications":[{"events":["RECORD_COMMENT_ADDED"],"target":{"entityId":"5947972","entityType":"FIELD_ENTITY","includeSubs":"false"}},{"events":["RECORD_COMMENT_ADDED"],"target":{"entityId":"5947973","entityType":"FIELD_ENTITY","includeSubs":"false"}}],"recordNotifications":[],"reminderTimezone":null,"reminders":[],"useComment":"true","useReminder":"false"},"plugin":{"pluginIds":[]},"reports":[],"resource":{"tables":[{"rows":[{"fields":[],"objectId":"0","subObjectId":"-1"}],"type":"AppName"},{"rows":[{"fields":[],"objectId":"0","subObjectId":"-1"}],"type":"AppDescription"},{"rows":[{"fields":[],"objectId":"5947971","subObjectId":"-1"},{"fields":[],"objectId":"5947972","subObjectId":"-1"},{"fields":[],"objectId":"5947973","subObjectId":"-1"},{"fields":[],"objectId":"5947974","subObjectId":"-1"},{"fields":[],"objectId":"5947975","subObjectId":"-1"},{"fields":[],"objectId":"5947976","subObjectId":"-1"},{"fields":[],"objectId":"5947977","subObjectId":"-1"},{"fields":[],"objectId":"5947978","subObjectId":"-1"},{"fields":[],"objectId":"5948156","subObjectId":"-1"},{"fields":[],"objectId":"5948157","subObjectId":"-1"},{"fields":[],"objectId":"5948157","subObjectId":"5947979"},{"fields":[],"objectId":"5948157","subObjectId":"5947980"},{"fields":[],"objectId":"5948157","subObjectId":"5947981"},{"fields":[],"objectId":"5948157","subObjectId":"5947982"},{"fields":[],"objectId":"5948157","subObjectId":"5947983"},{"fields":[],"objectId":"5948157","subObjectId":"5947984"},{"fields":[],"objectId":"5948157","subObjectId":"5947985"},{"fields":[],"objectId":"5948157","subObjectId":"5947986"},{"fields":[],"objectId":"5948157","subObjectId":"5947987"},{"fields":[],"objectId":"5948158","subObjectId":"-1"},{"fields":[],"objectId":"5948158","subObjectId":"5947988"},{"fields":[],"objectId":"5948158","subObjectId":"5947989"},{"fields":[],"objectId":"5948158","subObjectId":"5947990"},{"fields":[],"objectId":"5948158","subObjectId":"5947991"},{"fields":[],"objectId":"5948158","subObjectId":"5947992"},{"fields":[],"objectId":"5948158","subObjectId":"5947993"},{"fields":[],"objectId":"5948158","subObjectId":"5947994"},{"fields":[],"objectId":"5948158","subObjectId":"5947995"},{"fields":[],"objectId":"5948158","subObjectId":"5947996"},{"fields":[],"objectId":"5948158","subObjectId":"5947997"},{"fields":[],"objectId":"5948158","subObjectId":"5947998"},{"fields":[],"objectId":"5948158","subObjectId":"5947999"},{"fields":[],"objectId":"5948158","subObjectId":"5948000"},{"fields":[],"objectId":"5948158","subObjectId":"5948001"},{"fields":[],"objectId":"5948158","subObjectId":"5948002"},{"fields":[],"objectId":"5948158","subObjectId":"5948003"},{"fields":[],"objectId":"5948158","subObjectId":"5948004"},{"fields":[],"objectId":"5948158","subObjectId":"5948005"},{"fields":[],"objectId":"5948158","subObjectId":"5948006"},{"fields":[],"objectId":"5948158","subObjectId":"5948007"},{"fields":[],"objectId":"5948158","subObjectId":"5948008"},{"fields":[],"objectId":"5948158","subObjectId":"5948009"},{"fields":[],"objectId":"5948158","subObjectId":"5948010"},{"fields":[],"objectId":"5948158","subObjectId":"5948011"},{"fields":[],"objectId":"5948158","subObjectId":"5948012"},{"fields":[],"objectId":"5948158","subObjectId":"5948013"},{"fields":[],"objectId":"5948158","subObjectId":"5948014"},{"fields":[],"objectId":"5948159","subObjectId":"-1"},{"fields":[],"objectId":"5948160","subObjectId":"-1"},{"fields":[],"objectId":"5948161","subObjectId":"-1"},{"fields":[],"objectId":"5948162","subObjectId":"-1"},{"fields":[],"objectId":"5948163","subObjectId":"-1"},{"fields":[],"objectId":"5948164","subObjectId":"-1"},{"fields":[],"objectId":"5948165","subObjectId":"-1"},{"fields":[],"objectId":"5948165","subObjectId":"5948015"},{"fields":[],"objectId":"5948165","subObjectId":"5948016"},{"fields":[],"objectId":"5948165","subObjectId":"5948017"},{"fields":[],"objectId":"5948165","subObjectId":"5948018"},{"fields":[],"objectId":"5948165","subObjectId":"5948019"},{"fields":[],"objectId":"5948165","subObjectId":"5948020"},{"fields":[],"objectId":"5948166","subObjectId":"-1"},{"fields":[],"objectId":"5948167","subObjectId":"-1"},{"fields":[],"objectId":"5948167","subObjectId":"5948021"},{"fields":[],"objectId":"5948167","subObjectId":"5948022"},{"fields":[],"objectId":"5948167","subObjectId":"5948023"},{"fields":[],"objectId":"5948167","subObjectId":"5948024"},{"fields":[],"objectId":"5948167","subObjectId":"5948025"},{"fields":[],"objectId":"5948167","subObjectId":"5948026"},{"fields":[],"objectId":"5948167","subObjectId":"5948027"},{"fields":[],"objectId":"5948167","subObjectId":"5948028"},{"fields":[],"objectId":"5948167","subObjectId":"5948029"},{"fields":[],"objectId":"5948167","subObjectId":"5948030"},{"fields":[],"objectId":"5948167","subObjectId":"5948031"},{"fields":[],"objectId":"5948167","subObjectId":"5948032"},{"fields":[],"objectId":"5948167","subObjectId":"5948033"},{"fields":[],"objectId":"5948167","subObjectId":"5948034"},{"fields":[],"objectId":"5948167","subObjectId":"5948035"},{"fields":[],"objectId":"5948167","subObjectId":"5948036"},{"fields":[],"objectId":"5948167","subObjectId":"5948037"},{"fields":[],"objectId":"5948167","subObjectId":"5948038"},{"fields":[],"objectId":"5948167","subObjectId":"5948039"},{"fields":[],"objectId":"5948167","subObjectId":"5948040"},{"fields":[],"objectId":"5948167","subObjectId":"5948041"},{"fields":[],"objectId":"5948167","subObjectId":"5948042"},{"fields":[],"objectId":"5948167","subObjectId":"5948043"},{"fields":[],"objectId":"5948167","subObjectId":"5948044"},{"fields":[],"objectId":"5948167","subObjectId":"5948045"},{"fields":[],"objectId":"5948167","subObjectId":"5948046"},{"fields":[],"objectId":"5948167","subObjectId":"5948047"},{"fields":[],"objectId":"5948167","subObjectId":"5948048"},{"fields":[],"objectId":"5948167","subObjectId":"5948049"},{"fields":[],"objectId":"5948167","subObjectId":"5948050"},{"fields":[],"objectId":"5948167","subObjectId":"5948051"},{"fields":[],"objectId":"5948167","subObjectId":"5948052"},{"fields":[],"objectId":"5948167","subObjectId":"5948053"},{"fields":[],"objectId":"5948167","subObjectId":"5948054"},{"fields":[],"objectId":"5948167","subObjectId":"5948055"},{"fields":[],"objectId":"5948167","subObjectId":"5948056"},{"fields":[],"objectId":"5948167","subObjectId":"5948057"},{"fields":[],"objectId":"5948167","subObjectId":"5948058"},{"fields":[],"objectId":"5948167","subObjectId":"5948059"},{"fields":[],"objectId":"5948167","subObjectId":"5948060"},{"fields":[],"objectId":"5948167","subObjectId":"5948061"},{"fields":[],"objectId":"5948167","subObjectId":"5948062"},{"fields":[],"objectId":"5948167","subObjectId":"5948063"},{"fields":[],"objectId":"5948167","subObjectId":"5948064"},{"fields":[],"objectId":"5948167","subObjectId":"5948065"},{"fields":[],"objectId":"5948167","subObjectId":"5948066"},{"fields":[],"objectId":"5948167","subObjectId":"5948067"},{"fields":[],"objectId":"5948167","subObjectId":"5948068"},{"fields":[],"objectId":"5948167","subObjectId":"5948069"},{"fields":[],"objectId":"5948167","subObjectId":"5948070"},{"fields":[],"objectId":"5948167","subObjectId":"5948071"},{"fields":[],"objectId":"5948167","subObjectId":"5948072"},{"fields":[],"objectId":"5948167","subObjectId":"5948073"},{"fields":[],"objectId":"5948167","subObjectId":"5948074"},{"fields":[],"objectId":"5948167","subObjectId":"5948075"},{"fields":[],"objectId":"5948167","subObjectId":"5948076"},{"fields":[],"objectId":"5948167","subObjectId":"5948077"},{"fields":[],"objectId":"5948167","subObjectId":"5948078"},{"fields":[],"objectId":"5948167","subObjectId":"5948079"},{"fields":[],"objectId":"5948167","subObjectId":"5948080"},{"fields":[],"objectId":"5948167","subObjectId":"5948081"},{"fields":[],"objectId":"5948167","subObjectId":"5948082"},{"fields":[],"objectId":"5948167","subObjectId":"5948083"},{"fields":[],"objectId":"5948167","subObjectId":"5948084"},{"fields":[],"objectId":"5948167","subObjectId":"5948085"},{"fields":[],"objectId":"5948167","subObjectId":"5948086"},{"fields":[],"objectId":"5948167","subObjectId":"5948087"},{"fields":[],"objectId":"5948167","subObjectId":"5948088"},{"fields":[],"objectId":"5948167","subObjectId":"5948089"},{"fields":[],"objectId":"5948167","subObjectId":"5948090"},{"fields":[],"objectId":"5948167","subObjectId":"5948091"},{"fields":[],"objectId":"5948167","subObjectId":"5948092"},{"fields":[],"objectId":"5948167","subObjectId":"5948093"},{"fields":[],"objectId":"5948167","subObjectId":"5948094"},{"fields":[],"objectId":"5948167","subObjectId":"5948095"},{"fields":[],"objectId":"5948167","subObjectId":"5948096"},{"fields":[],"objectId":"5948167","subObjectId":"5948097"},{"fields":[],"objectId":"5948167","subObjectId":"5948098"},{"fields":[],"objectId":"5948167","subObjectId":"5948099"},{"fields":[],"objectId":"5948167","subObjectId":"5948100"},{"fields":[],"objectId":"5948167","subObjectId":"5948101"},{"fields":[],"objectId":"5948167","subObjectId":"5948102"},{"fields":[],"objectId":"5948167","subObjectId":"5948103"},{"fields":[],"objectId":"5948167","subObjectId":"5948104"},{"fields":[],"objectId":"5948167","subObjectId":"5948105"},{"fields":[],"objectId":"5948167","subObjectId":"5948106"},{"fields":[],"objectId":"5948167","subObjectId":"5948107"},{"fields":[],"objectId":"5948167","subObjectId":"5948108"},{"fields":[],"objectId":"5948167","subObjectId":"5948109"},{"fields":[],"objectId":"5948167","subObjectId":"5948110"},{"fields":[],"objectId":"5948167","subObjectId":"5948111"},{"fields":[],"objectId":"5948167","subObjectId":"5948112"},{"fields":[],"objectId":"5948167","subObjectId":"5948113"},{"fields":[],"objectId":"5948167","subObjectId":"5948114"},{"fields":[],"objectId":"5948167","subObjectId":"5948115"},{"fields":[],"objectId":"5948167","subObjectId":"5948116"},{"fields":[],"objectId":"5948167","subObjectId":"5948117"},{"fields":[],"objectId":"5948167","subObjectId":"5948118"},{"fields":[],"objectId":"5948167","subObjectId":"5948119"},{"fields":[],"objectId":"5948167","subObjectId":"5948120"},{"fields":[],"objectId":"5948167","subObjectId":"5948121"},{"fields":[],"objectId":"5948167","subObjectId":"5948122"},{"fields":[],"objectId":"5948167","subObjectId":"5948123"},{"fields":[],"objectId":"5948167","subObjectId":"5948124"},{"fields":[],"objectId":"5948167","subObjectId":"5948125"},{"fields":[],"objectId":"5948167","subObjectId":"5948126"},{"fields":[],"objectId":"5948167","subObjectId":"5948127"},{"fields":[],"objectId":"5948167","subObjectId":"5948128"},{"fields":[],"objectId":"5948167","subObjectId":"5948129"},{"fields":[],"objectId":"5948167","subObjectId":"5948130"},{"fields":[],"objectId":"5948167","subObjectId":"5948131"},{"fields":[],"objectId":"5948167","subObjectId":"5948132"},{"fields":[],"objectId":"5948167","subObjectId":"5948133"},{"fields":[],"objectId":"5948167","subObjectId":"5948134"},{"fields":[],"objectId":"5948167","subObjectId":"5948135"},{"fields":[],"objectId":"5948167","subObjectId":"5948136"},{"fields":[],"objectId":"5948167","subObjectId":"5948137"},{"fields":[],"objectId":"5948167","subObjectId":"5948138"},{"fields":[],"objectId":"5948167","subObjectId":"5948139"},{"fields":[],"objectId":"5948167","subObjectId":"5948140"},{"fields":[],"objectId":"5948167","subObjectId":"5948141"},{"fields":[],"objectId":"5948167","subObjectId":"5948142"},{"fields":[],"objectId":"5948167","subObjectId":"5948143"},{"fields":[],"objectId":"5948167","subObjectId":"5948144"},{"fields":[],"objectId":"5948167","subObjectId":"5948145"},{"fields":[],"objectId":"5948167","subObjectId":"5948146"},{"fields":[],"objectId":"5948167","subObjectId":"5948147"},{"fields":[],"objectId":"5948167","subObjectId":"5948148"},{"fields":[],"objectId":"5948167","subObjectId":"5948149"},{"fields":[],"objectId":"5948167","subObjectId":"5948150"},{"fields":[],"objectId":"5948167","subObjectId":"5948151"},{"fields":[],"objectId":"5948167","subObjectId":"5948152"},{"fields":[],"objectId":"5948167","subObjectId":"5948153"},{"fields":[],"objectId":"5948167","subObjectId":"5948154"},{"fields":[],"objectId":"5948167","subObjectId":"5948155"},{"fields":[],"objectId":"5948168","subObjectId":"-1"},{"fields":[],"objectId":"5948169","subObjectId":"-1"},{"fields":[],"objectId":"5948170","subObjectId":"-1"},{"fields":[],"objectId":"5948171","subObjectId":"-1"}],"type":"FieldLabel"},{"rows":[{"fields":[],"objectId":"20","subObjectId":"-1"}],"type":"ViewName"}]},"schema":{"groups":[],"revision":null,"subTable":{},"table":{"fieldList":{"5947971":{"id":"5947971","label":"Record number","properties":{"noLabel":"false","required":"true"},"type":"RECORD_ID","var":"Record_number"},"5947972":{"id":"5947972","label":"Updated by","properties":{"noLabel":"false","required":"true"},"type":"MODIFIER","var":"Updated_by"},"5947973":{"id":"5947973","label":"Created by","properties":{"noLabel":"false","required":"true"},"type":"CREATOR","var":"Created_by"},"5947974":{"id":"5947974","label":"Updated datetime","properties":{"noLabel":"false","required":"true"},"type":"MODIFIED_AT","var":"Updated_datetime"},"5947975":{"id":"5947975","label":"Created datetime","properties":{"noLabel":"false","required":"true"},"type":"CREATED_AT","var":"Created_datetime"},"5947976":{"id":"5947976","label":"Status","properties":{"noLabel":"false","required":"false"},"type":"STATUS","var":"Status"},"5947977":{"id":"5947977","label":"Assignee","properties":{"noLabel":"false","required":"false"},"type":"STATUS_ASSIGNEE","var":"Assignee"},"5947978":{"id":"5947978","label":"Categories","properties":{"noLabel":"false","required":"false"},"type":"CATEGORY","var":"Categories"},"5948156":{"id":"5948156","label":"Company Name","properties":{"defaultValue":"","expression":"","hideExpression":"false","max":"64","min":null,"noLabel":"false","required":"false","unique":"true"},"type":"SINGLE_LINE_TEXT","var":"Company_Name"},"5948157":{"id":"5948157","label":"Company Type","properties":{"defaultValue":null,"noLabel":"false","options":[{"id":"5947979","label":"Non-Profit","valid":true},{"id":"5947980","label":"Self Employed","valid":true},{"id":"5947981","label":"Enterprise","valid":true},{"id":"5947982","label":"Start-Up","valid":true},{"id":"5947983","label":"Government - Federal","valid":true},{"id":"5947984","label":"Small-Medium Business","valid":true},{"id":"5947985","label":"Education","valid":true},{"id":"5947986","label":"Government - State & Local","valid":true},{"id":"5947987","label":"Not Applicable","valid":true}],"required":"false"},"type":"SINGLE_SELECT","var":"Company_Type"},"5948158":{"id":"5948158","label":"Industry","properties":{"defaultValue":null,"noLabel":"false","options":[{"id":"5947988","label":"Consumer Goods","valid":true},{"id":"5947989","label":"Life Sciences","valid":true},{"id":"5947990","label":"Oil & Gas","valid":true},{"id":"5947991","label":"Media & Entertainment","valid":true},{"id":"5947992","label":"Manufacturing","valid":true},{"id":"5947993","label":"Professional Services","valid":true},{"id":"5947994","label":"Real Estate & Construction","valid":true},{"id":"5947995","label":"Software & Internet","valid":true},{"id":"5947996","label":"Agriculture","valid":true},{"id":"5947997","label":"Education","valid":true},{"id":"5947998","label":"Financial Services","valid":true},{"id":"5947999","label":"Other","valid":true},{"id":"5948000","label":"Hospitality","valid":true},{"id":"5948001","label":"Government","valid":true},{"id":"5948002","label":"Marketing & Advertising","valid":true},{"id":"5948003","label":"Travel","valid":true},{"id":"5948004","label":"Transportation & Logistics","valid":true},{"id":"5948005","label":"Non-Profit Organization","valid":true},{"id":"5948006","label":"Gaming","valid":true},{"id":"5948007","label":"Wholesale & Distribution","valid":true},{"id":"5948008","label":"Mining","valid":true},{"id":"5948009","label":"Power and Utilities","valid":true},{"id":"5948010","label":"Healthcare","valid":true},{"id":"5948011","label":"Retail","valid":true},{"id":"5948012","label":"Telecommunications","valid":true},{"id":"5948013","label":"Computers & Electronics","valid":true},{"id":"5948014","label":"Automotive","valid":true}],"required":"false"},"type":"SINGLE_SELECT","var":"Industry"},"5948159":{"id":"5948159","label":"Street Address","properties":{"defaultValue":"","expression":"","hideExpression":"false","max":null,"min":null,"noLabel":"false","required":"false","unique":"false"},"type":"SINGLE_LINE_TEXT","var":"Street_Address"},"5948160":{"id":"5948160","label":"City Address","properties":{"defaultValue":"","expression":"","hideExpression":"false","max":null,"min":null,"noLabel":"false","required":"false","unique":"false"},"type":"SINGLE_LINE_TEXT","var":"City_Address"},"5948161":{"id":"5948161","label":"State or Country","properties":{"defaultValue":"","expression":"","hideExpression":"false","max":null,"min":null,"noLabel":"false","required":"false","unique":"false"},"type":"SINGLE_LINE_TEXT","var":"State_or_Country"},"5948162":{"id":"5948162","label":"Zip Code","properties":{"defaultValue":"","expression":"","hideExpression":"false","max":null,"min":null,"noLabel":"false","required":"false","unique":"false"},"type":"SINGLE_LINE_TEXT","var":"Zip_Code"},"5948163":{"id":"5948163","label":"Company LinkedIn","properties":{"defaultValue":"","max":null,"min":null,"noLabel":"false","protocol":"WEB","required":"false","unique":"false"},"type":"LINK","var":"Company_LinkedIn"},"5948164":{"id":"5948164","label":"Company Website","properties":{"defaultValue":"","max":null,"min":null,"noLabel":"false","protocol":"WEB","required":"false","unique":"false"},"type":"LINK","var":"Company_Website"},"5948165":{"id":"5948165","label":"Company Size","properties":{"defaultValue":null,"noLabel":"false","options":[{"id":"5948015","label":"201-500","valid":true},{"id":"5948016","label":"501-1000","valid":true},{"id":"5948017","label":"43840","valid":true},{"id":"5948018","label":"1000\u002B","valid":true},{"id":"5948019","label":"18568","valid":true},{"id":"5948020","label":"51-200","valid":true}],"required":"false"},"type":"SINGLE_SELECT","var":"Company_Size"},"5948166":{"id":"5948166","label":"Contact Name","properties":{"defaultValue":"","expression":"","hideExpression":"false","max":null,"min":null,"noLabel":"false","required":"false","unique":"false"},"type":"SINGLE_LINE_TEXT","var":"Contact_Name"},"5948167":{"id":"5948167","label":"Job Title","properties":{"defaultValue":null,"noLabel":"false","options":[{"id":"5948021","label":"Health Coach IV","valid":true},{"id":"5948022","label":"Financial Advisor","valid":true},{"id":"5948023","label":"Teacher","valid":true},{"id":"5948024","label":"Safety Technician IV","valid":true},{"id":"5948025","label":"General Manager","valid":true},{"id":"5948026","label":"Occupational Therapist","valid":true},{"id":"5948027","label":"Help Desk Operator","valid":true},{"id":"5948028","label":"Programmer Analyst II","valid":true},{"id":"5948029","label":"Software Consultant","valid":true},{"id":"5948030","label":"Chief Design Engineer","valid":true},{"id":"5948031","label":"VP Accounting","valid":true},{"id":"5948032","label":"Accounting Assistant IV","valid":true},{"id":"5948033","label":"Compensation Analyst","valid":true},{"id":"5948034","label":"Payment Adjustment Coordinator","valid":true},{"id":"5948035","label":"Assistant Professor","valid":true},{"id":"5948036","label":"Chemical Engineer","valid":true},{"id":"5948037","label":"Physical Therapy Assistant","valid":true},{"id":"5948038","label":"Senior Cost Accountant","valid":true},{"id":"5948039","label":"Computer Systems Analyst III","valid":true},{"id":"5948040","label":"Software Test Engineer IV","valid":true},{"id":"5948041","label":"Human Resources Assistant I","valid":true},{"id":"5948042","label":"VP Quality Control","valid":true},{"id":"5948043","label":"Registered Nurse","valid":true},{"id":"5948044","label":"Professor","valid":true},{"id":"5948045","label":"Budget/Accounting Analyst II","valid":true},{"id":"5948046","label":"Social Worker","valid":true},{"id":"5948047","label":"Legal Assistant","valid":true},{"id":"5948048","label":"Office Assistant IV","valid":true},{"id":"5948049","label":"Dental Hygienist","valid":true},{"id":"5948050","label":"Data Coordiator","valid":true},{"id":"5948051","label":"Financial Analyst","valid":true},{"id":"5948052","label":"Paralegal","valid":true},{"id":"5948053","label":"Editor","valid":true},{"id":"5948054","label":"Statistician III","valid":true},{"id":"5948055","label":"Systems Administrator I","valid":true},{"id":"5948056","label":"Administrative Assistant I","valid":true},{"id":"5948057","label":"Nurse Practicioner","valid":true},{"id":"5948058","label":"Graphic Designer","valid":true},{"id":"5948059","label":"Research Assistant III","valid":true},{"id":"5948060","label":"Internal Auditor","valid":true},{"id":"5948061","label":"Web Developer II","valid":true},{"id":"5948062","label":"Computer Systems Analyst II","valid":true},{"id":"5948063","label":"Senior Developer","valid":true},{"id":"5948064","label":"Associate Professor","valid":true},{"id":"5948065","label":"Research Associate","valid":true},{"id":"5948066","label":"Marketing Manager","valid":true},{"id":"5948067","label":"Environmental Tech","valid":true},{"id":"5948068","label":"Environmental Specialist","valid":true},{"id":"5948069","label":"Human Resources Manager","valid":true},{"id":"5948070","label":"Engineer II","valid":true},{"id":"5948071","label":"Geological Engineer","valid":true},{"id":"5948072","label":"Recruiter","valid":true},{"id":"5948073","label":"Information Systems Manager","valid":true},{"id":"5948074","label":"Clinical Specialist","valid":true},{"id":"5948075","label":"Librarian","valid":true},{"id":"5948076","label":"Operator","valid":true},{"id":"5948077","label":"Senior Sales Associate","valid":true},{"id":"5948078","label":"Research Assistant I","valid":true},{"id":"5948079","label":"Web Designer I","valid":true},{"id":"5948080","label":"Biostatistician III","valid":true},{"id":"5948081","label":"GIS Technical Architect","valid":true},{"id":"5948082","label":"Product Engineer","valid":true},{"id":"5948083","label":"Help Desk Technician","valid":true},{"id":"5948084","label":"Analog Circuit Design manager","valid":true},{"id":"5948085","label":"Structural Analysis Engineer","valid":true},{"id":"5948086","label":"Structural Engineer","valid":true},{"id":"5948087","label":"Analyst Programmer","valid":true},{"id":"5948088","label":"Office Assistant II","valid":true},{"id":"5948089","label":"Statistician II","valid":true},{"id":"5948090","label":"Software Engineer IV","valid":true},{"id":"5948091","label":"Nurse","valid":true},{"id":"5948092","label":"Database Administrator II","valid":true},{"id":"5948093","label":"Speech Pathologist","valid":true},{"id":"5948094","label":"Sales Representative","valid":true},{"id":"5948095","label":"Business Systems Development Analyst","valid":true},{"id":"5948096","label":"VP Sales","valid":true},{"id":"5948097","label":"Budget/Accounting Analyst I","valid":true},{"id":"5948098","label":"Account Executive","valid":true},{"id":"5948099","label":"Research Nurse","valid":true},{"id":"5948100","label":"Senior Financial Analyst","valid":true},{"id":"5948101","label":"Accountant III","valid":true},{"id":"5948102","label":"Account Representative IV","valid":true},{"id":"5948103","label":"Software Test Engineer III","valid":true},{"id":"5948104","label":"Junior Executive","valid":true},{"id":"5948105","label":"Research Assistant II","valid":true},{"id":"5948106","label":"Quality Control Specialist","valid":true},{"id":"5948107","label":"Director of Sales","valid":true},{"id":"5948108","label":"Mechanical Systems Engineer","valid":true},{"id":"5948109","label":"Media Manager II","valid":true},{"id":"5948110","label":"Statistician I","valid":true},{"id":"5948111","label":"Human Resources Assistant III","valid":true},{"id":"5948112","label":"Systems Administrator III","valid":true},{"id":"5948113","label":"Administrative Officer","valid":true},{"id":"5948114","label":"Executive Secretary","valid":true},{"id":"5948115","label":"Human Resources Assistant IV","valid":true},{"id":"5948116","label":"Engineer I","valid":true},{"id":"5948117","label":"Technical Writer","valid":true},{"id":"5948118","label":"Health Coach II","valid":true},{"id":"5948119","label":"Account Coordinator","valid":true},{"id":"5948120","label":"Software Engineer III","valid":true},{"id":"5948121","label":"Civil Engineer","valid":true},{"id":"5948122","label":"Account Representative III","valid":true},{"id":"5948123","label":"VP Marketing","valid":true},{"id":"5948124","label":"Software Test Engineer II","valid":true},{"id":"5948125","label":"Nuclear Power Engineer","valid":true},{"id":"5948126","label":"Software Test Engineer I","valid":true},{"id":"5948127","label":"Accounting Assistant III","valid":true},{"id":"5948128","label":"Community Outreach Specialist","valid":true},{"id":"5948129","label":"Assistant Media Planner","valid":true},{"id":"5948130","label":"Food Chemist","valid":true},{"id":"5948131","label":"Marketing Assistant","valid":true},{"id":"5948132","label":"Electrical Engineer","valid":true},{"id":"5948133","label":"Automation Specialist IV","valid":true},{"id":"5948134","label":"Administrative Assistant IV","valid":true},{"id":"5948135","label":"Sales Associate","valid":true},{"id":"5948136","label":"Biostatistician IV","valid":true},{"id":"5948137","label":"Cost Accountant","valid":true},{"id":"5948138","label":"VP Product Management","valid":true},{"id":"5948139","label":"Developer II","valid":true},{"id":"5948140","label":"Senior Editor","valid":true},{"id":"5948141","label":"Office Assistant I","valid":true},{"id":"5948142","label":"Tax Accountant","valid":true},{"id":"5948143","label":"Project Manager","valid":true},{"id":"5948144","label":"Safety Technician I","valid":true},{"id":"5948145","label":"Statistician IV","valid":true},{"id":"5948146","label":"Automation Specialist II","valid":true},{"id":"5948147","label":"Design Engineer","valid":true},{"id":"5948148","label":"Recruiting Manager","valid":true},{"id":"5948149","label":"Senior Quality Engineer","valid":true},{"id":"5948150","label":"Staff Accountant IV","valid":true},{"id":"5948151","label":"Media Manager IV","valid":true},{"id":"5948152","label":"Staff Scientist","valid":true},{"id":"5948153","label":"Actuary","valid":true},{"id":"5948154","label":"Database Administrator III","valid":true},{"id":"5948155","label":"Desktop Support Technician","valid":true}],"required":"false"},"type":"SINGLE_SELECT","var":"Job_Title"},"5948168":{"id":"5948168","label":"Telephone Number","properties":{"defaultValue":"","max":null,"min":null,"noLabel":"false","protocol":"CALL","required":"false","unique":"false"},"type":"LINK","var":"Telephone_Number"},"5948169":{"id":"5948169","label":"Department","properties":{"defaultValue":"","expression":"","hideExpression":"false","max":null,"min":null,"noLabel":"false","required":"false","unique":"false"},"type":"SINGLE_LINE_TEXT","var":"Department"},"5948170":{"id":"5948170","label":"E mail","properties":{"defaultValue":"","max":null,"min":null,"noLabel":"false","protocol":"MAIL","required":"false","unique":"false"},"type":"LINK","var":"E_mail"},"5948171":{"id":"5948171","label":"LinkedIn","properties":{"defaultValue":"","max":null,"min":null,"noLabel":"false","protocol":"WEB","required":"false","unique":"false"},"type":"LINK","var":"LinkedIn"}},"id":"1","label":"__ROOT__","properties":{"noLabel":"true"},"type":"TABLE","var":"__ROOT__"}},"status":{"actions":[],"filters":[],"initialStateId":null,"states":[],"useStatus":"false"},"uuid":"c696a6c7-a28d-4527-9393-46e12700c923","views":[{"advancedMode":null,"builtinType":"ALL","device":null,"fields":[{"row":[{"columnWidth":null,"id":"5947971"},{"columnWidth":null,"id":"5948156"},{"columnWidth":null,"id":"5948157"},{"columnWidth":null,"id":"5948158"},{"columnWidth":null,"id":"5948159"},{"columnWidth":null,"id":"5948160"},{"columnWidth":null,"id":"5948161"},{"columnWidth":null,"id":"5948162"},{"columnWidth":null,"id":"5948163"},{"columnWidth":null,"id":"5948164"},{"columnWidth":null,"id":"5948165"},{"columnWidth":null,"id":"5948166"},{"columnWidth":null,"id":"5948167"},{"columnWidth":null,"id":"5948168"},{"columnWidth":null,"id":"5948169"},{"columnWidth":null,"id":"5948170"},{"columnWidth":null,"id":"5948171"}]}],"filter":{"category":null,"offset":null,"order":[],"q":null,"size":null,"sort":[]},"html":null,"keyFieldId":null,"name":"(All records)","pager":null,"revision":null,"titleFieldId":null,"view":"20","viewType":"LIST"}]}],"description":"","iconKey":"APP55","iconMeta":null,"iconSrcAppId":"cd6004f1-00a5-4d13-a78c-0fc7ac305e7f","iconType":"PRESET","imagesMeta":[],"lookups":[{"actingAppId":"cd6004f1-00a5-4d13-a78c-0fc7ac305e7f","fieldMappings":[{"fieldId":"5947959","targetFieldId":"5948166"}],"keyMapping":{"fieldId":"5947958","targetFieldId":"5948156"},"listFields":["5948157","5948159","5948160","5948161"],"query":{"category":null,"offset":null,"order":["desc"],"q":"order by f5947971 desc","size":null,"sort":["f5947971"]},"targetAppId":"c696a6c7-a28d-4527-9393-46e12700c923"}],"name":"[REST] Company List & Sales Deals","references":[],"version":"33"}